number,state,values,params,params,params,params,params,duration,datetime_start,datetime_complete
,,0,batch_size,hc_drop_rate,hc_linear_size,lr,weight_decay,,,
0,COMPLETE,0.3561084586920453,256,0.25642292526272426,512,0.002829591929679853,2.0332210561708133e-05,0 days 00:00:29.707146,2025-06-03 12:50:37.551788,2025-06-03 12:51:07.258934
1,COMPLETE,0.3328240265387126,256,0.35001515874087075,512,0.0033269906100961625,3.182495991355399e-06,0 days 00:00:15.707456,2025-06-03 12:51:07.259327,2025-06-03 12:51:22.966783
2,COMPLETE,0.2517207925764076,128,0.195303504007001,512,0.004824749196457196,0.00014972178692156248,0 days 00:00:16.866815,2025-06-03 12:51:22.969031,2025-06-03 12:51:39.835846
3,COMPLETE,0.2917068366064438,256,0.11124752085482388,256,0.0002909348839684462,6.075181811615214e-06,0 days 00:00:13.142531,2025-06-03 12:51:39.836159,2025-06-03 12:51:52.978690
4,COMPLETE,0.16234679525818768,256,0.2350821543062959,1024,0.00014770737037249302,5.065605453091364e-06,0 days 00:00:14.894069,2025-06-03 12:51:52.979042,2025-06-03 12:52:07.873111
5,COMPLETE,0.2991873111771176,128,0.2996219575367045,1024,0.0006742476108307153,1.2249977512309748e-06,0 days 00:00:13.206011,2025-06-03 12:52:07.875368,2025-06-03 12:52:21.081379
6,COMPLETE,0.21741211763710142,128,0.3240186522580413,512,0.00709941803293439,0.00027203535992916504,0 days 00:00:16.976334,2025-06-03 12:52:21.081744,2025-06-03 12:52:38.058078
7,COMPLETE,0.1900034793625947,256,0.2527000010082864,512,0.00018081305798203719,5.8567792725018254e-05,0 days 00:00:15.829409,2025-06-03 12:52:38.058445,2025-06-03 12:52:53.887854
8,COMPLETE,0.33619234895920586,256,0.37707232572391025,256,0.0016889554139483778,4.09964353141175e-05,0 days 00:00:13.944079,2025-06-03 12:52:53.890226,2025-06-03 12:53:07.834305
9,COMPLETE,0.2622694667703742,128,0.3851457308314872,1024,0.0004169519231204075,7.432154409166121e-06,0 days 00:00:08.630303,2025-06-03 12:53:07.836649,2025-06-03 12:53:16.466952
10,COMPLETE,0.4043134313831988,256,0.1360323026782416,512,0.0016898579982266685,0.0005931173538055033,0 days 00:00:15.957130,2025-06-03 12:53:16.467271,2025-06-03 12:53:32.424401
11,COMPLETE,0.36078183869891295,256,0.1376380648261842,512,0.0018067923276172849,0.0007661226839222838,0 days 00:00:15.881381,2025-06-03 12:53:32.424786,2025-06-03 12:53:48.306167
12,COMPLETE,0.3444675526734505,256,0.10317278094354201,512,0.001389039893651106,0.0008064989804857291,0 days 00:00:16.068142,2025-06-03 12:53:48.306489,2025-06-03 12:54:04.374631
13,COMPLETE,0.3947728219492926,256,0.1606654881014234,512,0.0009901909350534391,0.0009821412909455736,0 days 00:00:16.319029,2025-06-03 12:54:04.377559,2025-06-03 12:54:20.696588
14,COMPLETE,0.3261177087637905,256,0.16348136398625954,512,0.0007178328911432867,0.00027875229891302503,0 days 00:00:15.240005,2025-06-03 12:54:20.698982,2025-06-03 12:54:35.938987
15,COMPLETE,0.34431096382214854,256,0.18185408229570843,256,0.000962502459808489,0.000985974842857383,0 days 00:00:15.545268,2025-06-03 12:54:35.939326,2025-06-03 12:54:51.484594
16,COMPLETE,0.33988921896405333,256,0.21775611330438288,512,0.00038263697887891667,0.00013680262216769057,0 days 00:00:15.583883,2025-06-03 12:54:51.485017,2025-06-03 12:55:07.068900
17,COMPLETE,0.25331618274529955,256,0.1479237438122683,512,0.002540182043929484,0.0003275076221197341,0 days 00:00:15.664428,2025-06-03 12:55:07.071425,2025-06-03 12:55:22.735853
18,COMPLETE,0.23091511393291791,128,0.13084491877463258,256,0.009310387232372059,0.00045483635731655245,0 days 00:00:08.538189,2025-06-03 12:55:22.738223,2025-06-03 12:55:31.276412
19,COMPLETE,0.36463662288512555,256,0.18137338665879882,1024,0.0010692730864762553,0.00012141046495040753,0 days 00:00:15.455858,2025-06-03 12:55:31.276808,2025-06-03 12:55:46.732666
20,COMPLETE,0.31747305939814374,256,0.20450745974150364,512,0.0006056121569073615,1.8708611328090344e-05,0 days 00:00:16.048859,2025-06-03 12:55:46.732986,2025-06-03 12:56:02.781845
21,COMPLETE,0.4008644098805368,256,0.16961614330131203,1024,0.0015506237197082376,0.00010130059837632409,0 days 00:00:15.800078,2025-06-03 12:56:02.782204,2025-06-03 12:56:18.582282
22,COMPLETE,0.382871957454176,256,0.17098223218625624,1024,0.0011721030344485864,8.331799022297766e-05,0 days 00:00:13.331952,2025-06-03 12:56:18.582591,2025-06-03 12:56:31.914543
23,COMPLETE,0.3715505805610541,256,0.12857868928836771,1024,0.002151693244319465,0.0004731456281929388,0 days 00:00:15.449578,2025-06-03 12:56:31.914913,2025-06-03 12:56:47.364491
24,COMPLETE,0.2780229281107352,256,0.2846334121778535,1024,0.0040730828762430655,0.00020116568364607476,0 days 00:00:15.590239,2025-06-03 12:56:47.364858,2025-06-03 12:57:02.955097
25,COMPLETE,0.37158055290388814,256,0.15833432196329797,1024,0.0008635961798872065,0.0005708687483775682,0 days 00:00:15.887179,2025-06-03 12:57:02.955426,2025-06-03 12:57:18.842605
26,COMPLETE,0.3640215960539045,128,0.2180422953091723,512,0.001529376202477177,6.780574336215566e-05,0 days 00:00:16.606842,2025-06-03 12:57:18.842918,2025-06-03 12:57:35.449760
27,COMPLETE,0.3694726971100488,256,0.11002277156796743,512,0.00055376023093051,0.0005218993021944709,0 days 00:00:15.443919,2025-06-03 12:57:35.452330,2025-06-03 12:57:50.896249
28,COMPLETE,0.35761185643013277,256,0.14849359659058,256,0.005585955320997213,1.8204075394591493e-05,0 days 00:00:15.429401,2025-06-03 12:57:50.898970,2025-06-03 12:58:06.328371
29,COMPLETE,0.3618793466254948,256,0.23560744058691285,1024,0.002971529812252443,3.5478212553630256e-05,0 days 00:00:12.937437,2025-06-03 12:58:06.328737,2025-06-03 12:58:19.266174
